<?xml version="1.0" encoding="utf-8"?>
<extension type="plugin" version="4.0" group="system" method="upgrade">
	<name>PLG_SYSTEM_ELODIE</name>
	<creationDate>2021-09-02</creationDate>
	<author>Alexandre ELISÉ</author>
	<authorEmail>contact@alexapi.cloud</authorEmail>
	<authorUrl>https://alexapi.cloud</authorUrl>
	<copyright>Copyright(c) 2009 - 2021 Alexandre ELISÉ. All rights reserved</copyright>
	<license>GNU General Public License version 2 or later; see LICENSE.txt</license>
	<version>1.0.0</version>
	<description>PLG_SYSTEM_ELODIE_XML_DESCRIPTION</description>

	<!-- Scripts to run on installation -->
	<scriptfile>script.php</scriptfile>

	<!-- Media files -->
	<media folder="media" destination="plg_system_elodie">
		<folder>data</folder>
		<folder>js</folder>
		<folder>css</folder>
		<folder>images</folder>
	</media>


	<!-- Plugin files -->
	<files>
		<filename plugin="elodie">elodie.php</filename>
		<filename>LICENSE</filename>
		<folder>classes</folder>
		<folder>language</folder>
		<folder>media</folder>
	</files>

</extension>
